,p,z,mdens_sum,mdens_to_divide,serpent_burnup,mdens_ratio,corrected_burnup
fuelP1Z1,1,1,0.0963049,0.0963049,0.0181668,1.0,0.0181668
fuelP2Z1,2,1,0.0964433,0.0963049,0.0213567,1.0014371023696613,0.0213567
fuelP3Z1,3,1,0.0961436,0.0963049,0.0218747,0.9983251111833354,0.02190613618320563
fuelP4Z1,4,1,0.0958823,0.0963049,0.0200041,0.9956118536024647,0.019970595356622562
fuelP5Z1,5,1,0.09565,0.0963049,0.018662,0.9931997229632137,0.018580108411929197
fuelP6Z1,6,1,0.0954307,0.0963049,0.017222,0.9909225802633095,0.017104885628872468
fuelP7Z1,7,1,0.0952298,0.0963049,0.0158927,0.9888364974160194,0.0157484352913507
fuelP8Z1,8,1,0.0948663,0.0963049,0.0314774,0.9850620269581298,0.03112600196376301
fuelP9Z1,9,1,0.0944272,0.0963049,0.0402632,0.9805025497145006,0.03966174940382057
fuelP10Z1,10,1,0.0939458,0.0963049,0.0454223,0.9755038424836119,0.04453668096389696
fuelP11Z1,11,1,0.0934684,0.0963049,0.0482892,0.9705466700032915,0.04710630015045963
fuelP12Z1,12,1,0.0929419,0.0963049,0.0563531,0.9650796584597461,0.05469331354936249
fuelP13Z1,13,1,0.0923443,0.0963049,0.0702375,0.9588743667248499,0.06778478251106641
fuelP14Z1,14,1,0.0917973,0.0963049,0.067493,0.9531944895846421,0.0647173076333603
fuelP15Z1,15,1,0.0914039,0.0963049,0.0478857,0.9491095468662549,0.0456443853699033
fuelP16Z1,16,1,0.0911537,0.0963049,0.0307376,0.9465115482182112,0.029173349607756197
fuelP17Z1,17,1,0.0905908,0.0963049,0.0815,0.9406665704444945,0.07714069117978421
fuelP18Z1,18,1,0.0897516,0.0963049,0.145909,0.9319525797752762,0.13725171862698576
fuelP19Z1,19,1,0.0886738,0.0963049,0.179565,0.920761041234662,0.16734606498734747
fuelP20Z1,20,1,0.0877567,0.0963049,0.153451,0.9112381612981272,0.14129170253850012
fuelP21Z1,21,1,0.0869207,0.0963049,0.142498,0.9025573984293634,0.12984961550866053
fuelP22Z1,22,1,0.0862392,0.0963049,0.129308,0.8954809153012983,0.11670789207610413
fuelP23Z1,23,1,0.0849727,0.0963049,0.282345,0.882329974902627,0.2528345590307451
fuelP24Z1,24,1,0.0835843,0.0963049,0.292311,0.8679132629803883,0.2579147572937618
fuelP25Z1,25,1,0.0819787,0.0963049,0.363198,0.8512412141022939,0.31522436128795106
fuelP26Z1,26,1,0.0803144,0.0963049,0.465131,0.8339596427596103,0.39593867715661407
fuelP27Z1,27,1,0.0780302,0.0963049,0.656318,0.8102412234476127,0.5473427248167019
fuelP28Z1,28,1,0.0760975,0.0963049,0.675599,0.7901726703417998,0.5473981603199837
fuelP29Z1,29,1,0.0730596,0.0963049,1.18825,0.7586280656539802,0.9389226755336437
fuelP30Z1,30,1,0.0699377,0.0963049,1.34701,0.7262112312042275,1.0218795907165679
fuelP31Z1,31,1,0.0668358,0.0963049,1.57358,0.6940020705073159,1.1427514691983482
fuelP32Z1,32,1,0.0628509,0.0963049,2.36444,0.6526241136224636,1.6409262555903181
fuelP33Z1,33,1,0.0591328,0.0963049,2.5347,0.6140165246005136,1.6542063407988585
fuelP34Z1,34,1,0.055729,0.0963049,2.65809,0.5786725286044635,1.6321111838753792
fuelP35Z1,35,1,0.0514573,0.0963049,3.8893,0.534316530103868,2.2506310655013397
fuelP36Z1,36,1,0.0475691,0.0963049,4.19027,0.49394267581400325,2.238930526598335
fuelP37Z1,37,1,0.0432382,0.0963049,5.58668,0.44897196300499764,2.7594996681165758
fuelP38Z1,38,1,0.0388854,0.0963049,6.67215,0.403773847436631,2.9956082829637953
fuelP39Z1,39,1,0.0355862,0.0963049,5.97504,0.36951598516794054,2.4125648893877676
fuelP40Z1,40,1,0.0337789,0.0963049,3.56027,0.3507495464924422,1.3155766765138637
fuelP41Z1,41,1,0.0324225,0.0963049,2.98785,0.33666511257474957,1.0479870324874434
fuelP42Z1,42,1,0.0314833,0.0963049,2.17177,0.3269127531413251,0.7311591915364639
fuelP43Z1,43,1,0.0309635,0.0963049,1.38772,0.32151531230498137,0.45366336578927974
fuelP44Z1,44,1,0.0301766,0.0963049,2.13152,0.3133443884994429,0.685316318484314
fuelP45Z1,45,1,0.0292063,0.0963049,2.58503,0.3032690963803503,0.8100046446027149
fuelP46Z1,46,1,0.0286745,0.0963049,1.63016,0.29774705129230183,0.4943771501553919
fuelP47Z1,47,1,0.0282678,0.0963049,1.28135,0.2935240055282753,0.38151818417339095
fuelP48Z1,48,1,0.0279891,0.0963049,0.861264,0.29063007178243266,0.2528016590973045
fuelP1Z2,1,2,0.0968243,0.0968243,0.0254149,1.0,0.007386334211343348
fuelP2Z2,2,2,0.096274,0.0968243,0.0307735,0.9943165093886555,0.0307735
fuelP3Z2,3,2,0.0958869,0.0968243,0.0312167,0.9903185460674644,0.03103928017863284
fuelP4Z2,4,2,0.0955651,0.0968243,0.0279755,0.9869950002220517,0.027704656485510352
fuelP5Z2,5,2,0.0952606,0.0968243,0.0265551,0.9838501285317839,0.026209750930396607
fuelP6Z2,6,2,0.0949713,0.0968243,0.0246623,0.9808622422263832,0.024264007024889414
fuelP7Z2,7,2,0.094708,0.0968243,0.0228666,0.9781428835529924,0.022428984548093816
fuelP8Z2,8,2,0.0942392,0.0968243,0.0494157,0.9733011237881399,0.048335615290789606
fuelP9Z2,9,2,0.093633,0.0968243,0.0657269,0.9670402987679745,0.0639720656331107
fuelP10Z2,10,2,0.0929744,0.0968243,0.0743613,0.960238287289451,0.07191037376877499
fuelP11Z2,11,2,0.0923027,0.0968243,0.080828,0.953300979196338,0.07761414028503175
fuelP12Z2,12,2,0.0915816,0.0968243,0.097561,0.9458534686024066,0.09300499683137393
fuelP13Z2,13,2,0.0907385,0.0968243,0.121914,0.9371459437351987,0.1153127797711938
fuelP14Z2,14,2,0.0899631,0.0968243,0.118227,0.9291376235098008,0.11079595348998134
fuelP15Z2,15,2,0.089464,0.0968243,0.0812672,0.9239829257737985,0.07550841307729568
fuelP16Z2,16,2,0.0891233,0.0968243,0.0501809,0.9204641809958863,0.046366294799962404
fuelP17Z2,17,2,0.088358,0.0968243,0.150591,0.9125601734275384,0.13861362148035153
fuelP18Z2,18,2,0.0871413,0.0968243,0.277224,0.8999941130480675,0.25298358151827594
fuelP19Z2,19,2,0.0855545,0.0968243,0.352113,0.8836056651067966,0.3168996271276942
fuelP20Z2,20,2,0.084181,0.0968243,0.310157,0.8694201765465901,0.2740564822725287
fuelP21Z2,21,2,0.0829698,0.0968243,0.285216,0.856910920089275,0.24797254507391225
fuelP22Z2,22,2,0.0820168,0.0968243,0.257675,0.8470683495775337,0.22080452133400394
fuelP23Z2,23,2,0.0800921,0.0968243,0.60057,0.8271900752187209,0.5087238387057795
fuelP24Z2,24,2,0.0780087,0.0968243,0.644264,0.805672749506064,0.532928786620714
fuelP25Z2,25,2,0.0757005,0.0968243,0.802964,0.7818336925751077,0.6469262136343872
fuelP26Z2,26,2,0.0732409,0.0968243,1.03729,0.7564309785869869,0.8109882709712335
fuelP27Z2,27,2,0.069814,0.0968243,1.55639,0.7210380038895194,1.1773016107630006
fuelP28Z2,28,2,0.0669208,0.0968243,1.61116,0.6911570752383441,1.161707590346638
fuelP29Z2,29,2,0.0623728,0.0968243,2.95947,0.6441853956083339,2.0454586294556223
fuelP30Z2,30,2,0.0578477,0.0968243,3.41431,0.5974502268542091,2.1994486380794904
fuelP31Z2,31,2,0.0534427,0.0968243,4.00539,0.5519554492002524,2.3930211641395807
fuelP32Z2,32,2,0.0480067,0.0968243,6.04101,0.4958125181385251,3.3343683881732167
fuelP33Z2,33,2,0.0430972,0.0968243,6.62992,0.44510727162499497,3.2871973302569706
fuelP34Z2,34,2,0.0387991,0.0968243,6.80739,0.40071655565803216,3.0300187897872743
fuelP35Z2,35,2,0.033719,0.0968243,10.0284,0.3482493547590842,4.01854590676101
fuelP36Z2,36,2,0.0293238,0.0968243,10.6794,0.3028557913664235,3.7190941592141633
fuelP37Z2,37,2,0.0247376,0.0968243,14.119,0.2554895826770759,4.2760209183025335
fuelP38Z2,38,2,0.0205182,0.0968243,16.4086,0.21191167919623483,4.192226366315067
fuelP39Z2,39,2,0.0175203,0.0968243,14.6179,0.18094941042692794,3.097703735322641
fuelP40Z2,40,2,0.0160335,0.0968243,8.46964,0.16559376107030982,1.532576364528326
fuelP41Z2,41,2,0.0149486,0.0968243,7.04995,0.1543889292254114,1.1674277358576306
fuelP42Z2,42,2,0.0142716,0.0968243,4.9742,0.1473968828073118,0.7679614117530413
fuelP43Z2,43,2,0.013908,0.0968243,3.04,0.14364162715351414,0.4480865237342279
fuelP44Z2,44,2,0.0133456,0.0968243,4.85093,0.1378331679134267,0.6967954784077963
fuelP45Z2,45,2,0.0126406,0.0968243,5.95756,0.1305519378916243,0.8211493678343144
fuelP46Z2,46,2,0.0122738,0.0968243,3.59909,0.12676363268311777,0.4698681741463661
fuelP47Z2,47,2,0.012033,0.0968243,2.74461,0.12427665369127378,0.3479167338984119
fuelP48Z2,48,2,0.0119048,0.0968243,1.80492,0.12295260590574887,0.22430941778045388
fuelP1Z3,1,3,0.0963725,0.0963725,0.0352643,1.0,0.0043358375804421
fuelP2Z3,2,3,0.0959921,0.0963725,0.0445846,0.996052815896651,0.0445846
fuelP3Z3,3,3,0.0954549,0.0963725,0.0464764,0.9904786116371371,0.04629294909273911
fuelP4Z3,4,3,0.0949754,0.0963725,0.0444486,0.9855031258917223,0.04402538761721445
fuelP5Z3,5,3,0.0945287,0.0963725,0.0420798,0.9808679861993825,0.0414697744368985
fuelP6Z3,6,3,0.0941049,0.0963725,0.039656,0.9764704661599524,0.03889730086072271
fuelP7Z3,7,3,0.0937407,0.0963725,0.0361121,0.9726913798023294,0.035262399121014816
fuelP8Z3,8,3,0.0930954,0.0963725,0.0801661,0.965995486264235,0.07797687442237153
fuelP9Z3,9,3,0.0921906,0.0963725,0.111239,0.956606915873304,0.10745637189654725
fuelP10Z3,10,3,0.0912123,0.0963725,0.130625,0.9464556797841708,0.12495677838595033
fuelP11Z3,11,3,0.0902362,0.0963725,0.143779,0.9363272717839632,0.13608045118368828
fuelP12Z3,12,3,0.0891618,0.0963725,0.172375,0.9251788632649355,0.16139941347376066
fuelP13Z3,13,3,0.0880346,0.0963725,0.203096,0.9134825806116891,0.18790012641365533
fuelP14Z3,14,3,0.0869719,0.0963725,0.196112,0.9024555760201303,0.17914489584891957
fuelP15Z3,15,3,0.0862715,0.0963725,0.135344,0.8951879426184856,0.1221419474808685
fuelP16Z3,16,3,0.0858679,0.0963725,0.0830869,0.8910000259410101,0.07437839106954786
fuelP17Z3,17,3,0.0848255,0.0963725,0.24984,0.880183662351812,0.22260744648110198
fuelP18Z3,18,3,0.0831543,0.0963725,0.455036,0.8628426158914628,0.40051525298191915
fuelP19Z3,19,3,0.0809786,0.0963725,0.625906,0.8402666735842693,0.5400583703421619
fuelP20Z3,20,3,0.079003,0.0963725,0.590546,0.8197670497289165,0.49621612301849594
fuelP21Z3,21,3,0.0772726,0.0963725,0.555554,0.8018117201483825,0.4554248635450984
fuelP22Z3,22,3,0.0759602,0.0963725,0.472139,0.7881937274637475,0.37856658373913715
fuelP23Z3,23,3,0.0733445,0.0963725,1.11854,0.7610521673713975,0.8816262119173002
fuelP24Z3,24,3,0.0704578,0.0963725,1.29347,0.7310986017795533,0.9843981469298814
fuelP25Z3,25,3,0.0672838,0.0963725,1.61567,0.6981638953020831,1.181214077937171
fuelP26Z3,26,3,0.0639963,0.0963725,2.00082,0.6640514669641236,1.3969002849983139
fuelP27Z3,27,3,0.059445,0.0963725,3.20308,0.6168253391787076,2.127009972803445
fuelP28Z3,28,3,0.0556701,0.0963725,3.1967,0.5776554515032816,1.9718055617525747
fuelP29Z3,29,3,0.0498798,0.0963725,5.9823,0.5175729590910271,3.4557082075280814
fuelP30Z3,30,3,0.0442874,0.0963725,7.08579,0.45954395704168716,3.667413297797609
fuelP31Z3,31,3,0.0392095,0.0963725,8.05612,0.40685361487976346,3.7021412632026767
fuelP32Z3,32,3,0.0331869,0.0963725,11.9728,0.3443606838050274,4.8711769602324315
fuelP33Z3,33,3,0.0280272,0.0963725,13.2718,0.29082155179122676,4.570286123323562
fuelP34Z3,34,3,0.0238379,0.0963725,13.3385,0.24735168227450777,3.879123268567278
fuelP35Z3,35,3,0.0192431,0.0963725,19.0265,0.19967418091260472,4.706236782795922
fuelP36Z3,36,3,0.0155515,0.0963725,19.9672,0.16136864769514125,3.9869343051181607
fuelP37Z3,37,3,0.0120446,0.0963725,25.4401,0.1249796363070378,4.105234534229163
fuelP38Z3,38,3,0.00915726,0.0963725,28.5872,0.09501942981659706,3.572817859036551
fuelP39Z3,39,3,0.00724797,0.0963725,25.5208,0.07520786531427534,2.4249718644634104
fuelP40Z3,40,3,0.00637721,0.0963725,14.8264,0.06617250771745052,1.115061894295572
fuelP41Z3,41,3,0.00578832,0.0963725,12.1226,0.06006194713222132,0.8021828420555657
fuelP42Z3,42,3,0.005448,0.0963725,8.43057,0.05653064930348387,0.5063564496344911
fuelP43Z3,43,3,0.00529606,0.0963725,4.92257,0.05495405847103686,0.27827607834185064
fuelP44Z3,44,3,0.00503617,0.0963725,7.88938,0.052257334820617916,0.4335534498202288
fuelP45Z3,45,3,0.00469971,0.0963725,9.97238,0.04876608991154116,0.5211300006184336
fuelP46Z3,46,3,0.00455517,0.0963725,5.82293,0.04726628446911722,0.2839615279286104
fuelP47Z3,47,3,0.00447949,0.0963725,4.29077,0.046480998210070304,0.2028087554115541
fuelP48Z3,48,3,0.00445674,0.0963725,2.83141,0.04624493501776959,0.13160676314197517
fuelP1Z4,1,4,0.0963029,0.0963029,0.0459841,1.0,0.0021265317163506187
fuelP2Z4,2,4,0.0957353,0.0963029,0.0593886,0.9941060964934597,0.0593886
fuelP3Z4,3,4,0.0950578,0.0963029,0.0624988,0.9870710020155157,0.06213043810352544
fuelP4Z4,4,4,0.0944148,0.0963029,0.0622758,0.980394152201024,0.06147063630731785
fuelP5Z4,5,4,0.0938223,0.0963029,0.0604686,0.9742416895026007,0.059283061831782835
fuelP6Z4,6,4,0.0932762,0.0963029,0.0579231,0.9685710399167627,0.05643109880522809
fuelP7Z4,7,4,0.0928202,0.0963029,0.0498864,0.9638359800172166,0.04831852232570359
fuelP8Z4,8,4,0.0919887,0.0963029,0.110533,0.9552017644328469,0.106535682379243
fuelP9Z4,9,4,0.0908494,0.0963029,0.160104,0.9433713834162835,0.1529316232927565
fuelP10Z4,10,4,0.0895751,0.0963029,0.196181,0.9301391754557755,0.1850715413699899
fuelP11Z4,11,4,0.0882889,0.0963029,0.219798,0.9167833990461347,0.20444273048682854
fuelP12Z4,12,4,0.0869211,0.0963029,0.254205,0.902580296128154,0.23305092395452268
fuelP13Z4,13,4,0.0854922,0.0963029,0.293908,0.8877427367192474,0.2652755696744335
fuelP14Z4,14,4,0.0842669,0.0963029,0.272569,0.8750193400198749,0.24197115000482855
fuelP15Z4,15,4,0.0834454,0.0963029,0.19222,0.8664889634683899,0.16819621753862035
fuelP16Z4,16,4,0.0829197,0.0963029,0.120878,0.8610301455096367,0.10473945292613203
fuelP17Z4,17,4,0.0816665,0.0963029,0.351418,0.8480170379085158,0.30258149167470555
fuelP18Z4,18,4,0.0796976,0.0963029,0.620424,0.8275721707238307,0.5261301227273529
fuelP19Z4,19,4,0.0770285,0.0963029,0.923132,0.7998564944565533,0.7639583531046312
fuelP20Z4,20,4,0.0745614,0.0963029,0.925004,0.7742383666535484,0.7398704567982897
fuelP21Z4,21,4,0.0723605,0.0963029,0.887679,0.7513844339059363,0.6872751390726551
fuelP22Z4,22,4,0.0708491,0.0963029,0.700308,0.7356902024757302,0.5262005301397985
fuelP23Z4,23,4,0.0676743,0.0963029,1.69358,0.7027233863154693,1.2459502131088473
fuelP24Z4,24,4,0.0641231,0.0963029,2.08242,0.665848068957425,1.4633652341310595
fuelP25Z4,25,4,0.0602603,0.0963029,2.60176,0.6257371273346909,1.73237687189067
fuelP26Z4,26,4,0.0564338,0.0963029,3.07925,0.5860031214013285,1.926801049345347
fuelP27Z4,27,4,0.0510513,0.0963029,5.1782,0.5301117619510939,3.0344413632403593
fuelP28Z4,28,4,0.0468916,0.0963029,4.97147,0.48691783944201056,2.635434721187005
fuelP29Z4,29,4,0.0405418,0.0963029,9.36037,0.4209821303408309,4.557731136777813
fuelP30Z4,30,4,0.0345578,0.0963029,11.1916,0.3588448530625765,4.7114636099224425
fuelP31Z4,31,4,0.0294101,0.0963029,12.4318,0.3053916341044766,4.461087444303339
fuelP32Z4,32,4,0.0236748,0.0963029,17.9974,0.24583683357406683,5.496255395631907
fuelP33Z4,33,4,0.0189104,0.0963029,20.0254,0.19636376474644068,4.922980927054118
fuelP34Z4,34,4,0.0153099,0.0963029,19.7937,0.15897652095627443,3.886765450261623
fuelP35Z4,35,4,0.0116104,0.0963029,27.3395,0.12056127074054883,4.346338594684065
fuelP36Z4,36,4,0.0088485,0.0963029,28.3002,0.09188196824810053,3.41190807421168
fuelP37Z4,37,4,0.00644118,0.0963029,34.7855,0.06688459018368087,3.196160206494301
fuelP38Z4,38,4,0.00460434,0.0963029,38.1928,0.04781102126727233,2.554509775967287
fuelP39Z4,39,4,0.00347095,0.0963029,34.4013,0.03604200911914387,1.6447612859218157
fuelP40Z4,40,4,0.0029868,0.0963029,20.3745,0.031014642342027082,0.7343379147979968
fuelP41Z4,41,4,0.0026869,0.0963029,16.4157,0.02790050974581243,0.509127064294014
fuelP42Z4,42,4,0.00253134,0.0963029,11.3599,0.026285189750256743,0.3169470006614546
fuelP43Z4,43,4,0.00248811,0.0963029,6.41802,0.025836293611095823,0.1686988735209428
fuelP44Z4,44,4,0.00238063,0.0963029,10.2234,0.02472023168565017,0.26413476410367703
fuelP45Z4,45,4,0.00223646,0.0963029,13.3276,0.023223184348550252,0.32946135981367125
fuelP46Z4,46,4,0.00220041,0.0963029,7.60206,0.022848844635000608,0.17654404080873992
fuelP47Z4,47,4,0.00219898,0.0963029,5.41809,0.022833995653298085,0.12379709662845045
fuelP48Z4,48,4,0.00222549,0.0963029,3.63405,0.023109272929475646,0.0829798819038679
fuelP1Z5,1,5,0.0963554,0.0963554,0.0524331,1.0,0.0012116908184384896
fuelP2Z5,2,5,0.0955781,0.0963554,0.0678374,0.9919329897442178,0.0678374
fuelP3Z5,3,5,0.0947957,0.0963554,0.07543,0.9838130504361977,0.07482150541640635
fuelP4Z5,4,5,0.0940484,0.0963554,0.075999,0.9760573875465206,0.0747688080201006
fuelP5Z5,5,5,0.0933423,0.0963554,0.0744748,0.968729308372961,0.0726916787260496
fuelP6Z5,6,5,0.0927045,0.0963554,0.0711892,0.9621100633695673,0.06896306447962439
fuelP7Z5,7,5,0.0921724,0.0963554,0.0614067,0.9565877989194171,0.05908000402831601
fuelP8Z5,8,5,0.0912113,0.0963554,0.134188,0.9466132671339644,0.12836260356139875
fuelP9Z5,9,5,0.0898926,0.0963554,0.198503,0.9329274747445396,0.18790557336589336
fuelP10Z5,10,5,0.0884068,0.0963554,0.246747,0.9175074775259093,0.2301970556107909
fuelP11Z5,11,5,0.0869141,0.0963554,0.282087,0.902015870413075,0.25881693181285115
fuelP12Z5,12,5,0.085349,0.0963554,0.322713,0.8857728783233737,0.2910922475886147
fuelP13Z5,13,5,0.0837722,0.0963554,0.360774,0.8694084607608915,0.3195638244042368
fuelP14Z5,14,5,0.0823816,0.0963554,0.33584,0.8549764725173681,0.29198213746193785
fuelP15Z5,15,5,0.0814722,0.0963554,0.235441,0.8455384960261698,0.20129651566596166
fuelP16Z5,16,5,0.0808898,0.0963554,0.149633,0.8394942058255168,0.12652046177588386
fuelP17Z5,17,5,0.0795202,0.0963554,0.432355,0.8252801607382669,0.3629595173596913
fuelP18Z5,18,5,0.0773692,0.0963554,0.746248,0.8029565545885338,0.6158636693906102
fuelP19Z5,19,5,0.0744284,0.0963554,1.14431,0.7724362101138079,0.918831214981205
fuelP20Z5,20,5,0.0716662,0.0963554,1.19288,0.7437694202919608,0.9214237063205591
fuelP21Z5,21,5,0.0691395,0.0963554,1.16863,0.7175467072940387,0.8691912576357942
fuelP22Z5,22,5,0.0674725,0.0963554,0.877926,0.7002461719841339,0.6299529105478262
fuelP23Z5,23,5,0.0639796,0.0963554,2.13394,0.6639959981485211,1.4942833162438225
fuelP24Z5,24,5,0.0600333,0.0963554,2.72682,0.6230403277865071,1.8105975676713502
fuelP25Z5,25,5,0.0557904,0.0963554,3.4101,0.5790064697982676,2.124629821784768
fuelP26Z5,26,5,0.0517258,0.0963554,3.89547,0.5368230529892462,2.2555023329050576
fuelP27Z5,27,5,0.045972,0.0963554,6.75296,0.47710870381940196,3.6251446039142596
fuelP28Z5,28,5,0.04161,0.0963554,6.33353,0.43183879678772547,3.0217822889012966
fuelP29Z5,29,5,0.035148,0.0963554,11.864,0.3647745741286944,5.123335485089576
fuelP30Z5,30,5,0.0291629,0.0963554,14.2572,0.3026597367661802,5.200664058267622
fuelP31Z5,31,5,0.0241754,0.0963554,15.5433,0.2508982371512131,4.704331086477769
fuelP32Z5,32,5,0.0188257,0.0963554,22.1217,0.19537773700280422,5.550295532787992
fuelP33Z5,33,5,0.0145355,0.0963554,24.6351,0.1508529880006725,4.813150088837783
fuelP34Z5,34,5,0.0113764,0.0963554,24.1264,0.11806707252525547,3.6395395296994253
fuelP35Z5,35,5,0.00832226,0.0963554,32.5392,0.08637045770138467,3.841808086313793
fuelP36Z5,36,5,0.0061311,0.0963554,33.4831,0.06363006121089218,2.891950672261233
fuelP37Z5,37,5,0.00432242,0.0963554,40.1796,0.04485913607332854,2.5566304074291635
fuelP38Z5,38,5,0.00301035,0.0963554,43.5668,0.03124215145181277,1.9543690094794899
fuelP39Z5,39,5,0.00222887,0.0963554,39.5749,0.023131760129686558,1.236405019490345
fuelP40Z5,40,5,0.00191178,0.0963554,23.9084,0.019840922252411387,0.5530433738845981
fuelP41Z5,41,5,0.00172911,0.0963554,19.1127,0.017945128140197646,0.3792135947336631
fuelP42Z5,42,5,0.00164562,0.0963554,13.2418,0.017078648420327247,0.23762579780686918
fuelP43Z5,43,5,0.00163955,0.0963554,7.31962,0.017015652469918655,0.1250092165503957
fuelP44Z5,44,5,0.00159422,0.0963554,11.6126,0.0165452065997339,0.19759596587217737
fuelP45Z5,45,5,0.00152146,0.0963554,15.416,0.015790085454473753,0.2550609049414978
fuelP46Z5,46,5,0.0015218,0.0963554,8.67177,0.015793614057956276,0.13692798934154185
fuelP47Z5,47,5,0.00154581,0.0963554,6.05818,0.016042795733295694,0.09568055681362955
fuelP48Z5,48,5,0.0015889,0.0963554,4.12061,0.016489994333477937,0.06610610452657557
fuelP1Z6,1,6,0.0963916,0.0963916,0.0549433,1.0,0.0009060147056625783
fuelP2Z6,2,6,0.0955159,0.0963916,0.0713535,0.9909151834807183,0.0713535
fuelP3Z6,3,6,0.0946958,0.0963916,0.0789808,0.9824071807086925,0.07826327392345392
fuelP4Z6,4,6,0.0939199,0.0963916,0.0797911,0.9743577241170394,0.07838734959664535
fuelP5Z6,5,6,0.0931765,0.0963916,0.079956,0.9666454338344835,0.077905746189502
fuelP6Z6,6,6,0.0925092,0.0963916,0.0755637,0.9597226314326145,0.07304330556863876
fuelP7Z6,7,6,0.0919425,0.0963916,0.0660527,0.9538434884367518,0.06339227105722905
fuelP8Z6,8,6,0.090951,0.0963916,0.142535,0.9435573224222858,0.13595608162433243
fuelP9Z6,9,6,0.0895541,0.0963916,0.211676,0.9290653957398778,0.19972843978105978
fuelP10Z6,10,6,0.0879954,0.0963916,0.266617,0.912894899555563,0.247704628615979
fuelP11Z6,11,6,0.0864311,0.0963916,0.305886,0.8966663070226036,0.27924176924545296
fuelP12Z6,12,6,0.084802,0.0963916,0.347283,0.8797654567410439,0.31139696510173087
fuelP13Z6,13,6,0.0831501,0.0963916,0.384366,0.8626280713257173,0.3381519295457281
fuelP14Z6,14,6,0.0817309,0.0963916,0.356317,0.8479047966835285,0.3073690464905656
fuelP15Z6,15,6,0.0808011,0.0963916,0.251889,0.8382587279389491,0.2135778913318173
fuelP16Z6,16,6,0.0801776,0.0963916,0.160335,0.8317903219782637,0.1344022131440914
fuelP17Z6,17,6,0.0787861,0.0963916,0.456518,0.8173544167749057,0.379727254208873
fuelP18Z6,18,6,0.0766048,0.0963916,0.787349,0.7947248515430806,0.6435431826933052
fuelP19Z6,19,6,0.073556,0.0963916,1.22016,0.7630955394453459,0.9696914748588051
fuelP20Z6,20,6,0.0706757,0.0963916,1.28967,0.733214304980932,0.9841414243564793
fuelP21Z6,21,6,0.0680635,0.0963916,1.27229,0.7061144332078729,0.9328612280841899
fuelP22Z6,22,6,0.0663528,0.0963916,0.942698,0.6883670361317792,0.6656526639561954
fuelP23Z6,23,6,0.0627575,0.0963916,2.29193,0.6510681428672208,1.5776890611215086
fuelP24Z6,24,6,0.0586465,0.0963916,2.97428,0.6084191983533835,1.9364589559671175
fuelP25Z6,25,6,0.0542973,0.0963916,3.70738,0.563299084152561,2.2556411675913672
fuelP26Z6,26,6,0.0501583,0.0963916,4.20395,0.5203596578955013,2.3680811848231587
fuelP27Z6,27,6,0.0443167,0.0963916,7.32235,0.45975686678092287,3.810255540991124
fuelP28Z6,28,6,0.0399235,0.0963916,6.80962,0.41418028126932227,3.130769555168708
fuelP29Z6,29,6,0.0334205,0.0963916,12.741,0.3467158964059109,5.277070963652435
fuelP30Z6,30,6,0.027464,0.0963916,15.3525,0.2849210927093232,5.322955799571747
fuelP31Z6,31,6,0.0225578,0.0963916,16.6392,0.23402246668796867,4.74085904580897
fuelP32Z6,32,6,0.0173807,0.0963916,23.5247,0.180313429800937,5.505308322094456
fuelP33Z6,33,6,0.0132553,0.0963916,26.2078,0.1375150946762996,4.7256183055369965
fuelP34Z6,34,6,0.0102734,0.0963916,25.5723,0.10657982645790713,3.516577255590736
fuelP35Z6,35,6,0.00743109,0.0963916,34.1929,0.07709271347295822,3.644273348092573
fuelP36Z6,36,6,0.00541534,0.0963916,35.1218,0.05618062154793572,2.707634864054544
fuelP37Z6,37,6,0.00378608,0.0963916,41.8254,0.03927811137070035,2.349776968491031
fuelP38Z6,38,6,0.00261923,0.0963916,45.2134,0.027172803439303842,1.7758969606480233
fuelP39Z6,39,6,0.00193528,0.0963916,41.1348,0.02007726814369717,1.1177478349150756
fuelP40Z6,40,6,0.00166219,0.0963916,25.0928,0.017244137455960894,0.5037948740761644
fuelP41Z6,41,6,0.00151066,0.0963916,19.9934,0.015672112507728892,0.34476893781200857
fuelP42Z6,42,6,0.00144457,0.0963916,13.8557,0.014986471850244213,0.21714808927333923
fuelP43Z6,43,6,0.00144939,0.0963916,7.60435,0.015036476207470362,0.11396237721440458
fuelP44Z6,44,6,0.00141876,0.0963916,12.0398,0.014718709929080958,0.18103616624270166
fuelP45Z6,45,6,0.00136187,0.0963916,16.1266,0.014128513272940797,0.23736274754231698
fuelP46Z6,46,6,0.00137072,0.0963916,9.00716,0.014220326252495032,0.12725777961150145
fuelP47Z6,47,6,0.00140076,0.0963916,6.26004,0.014531971665580819,0.089019811153669
fuelP48Z6,48,6,0.00144626,0.0963916,4.27976,0.015004004498317281,0.06219335105548616
fuelP1Z7,1,7,0.0959052,0.0959052,0.0515756,1.0,0.0007738405344034127
fuelP2Z7,2,7,0.0955797,0.0959052,0.0679284,0.9966060234481551,0.0679284
fuelP3Z7,3,7,0.0947833,0.0959052,0.0757069,0.9883019898816748,0.07544995255658712
fuelP4Z7,4,7,0.0940426,0.0959052,0.0758815,0.9805787381706103,0.07499383744520631
fuelP5Z7,5,7,0.0933432,0.0959052,0.0744845,0.9732861200435431,0.07303791702326881
fuelP6Z7,6,7,0.0927111,0.0959052,0.070481,0.9666952365460894,0.06859817902678897
fuelP7Z7,7,7,0.0921803,0.0959052,0.0615816,0.9611606044302082,0.059530639378886654
fuelP8Z7,8,7,0.0912306,0.0959052,0.134968,0.9512581173909235,0.12972592445873635
fuelP9Z7,9,7,0.0899001,0.0959052,0.198367,0.9373850427296956,0.18869821897248532
fuelP10Z7,10,7,0.088395,0.0959052,0.246882,0.9216914202775242,0.2314234941191927
fuelP11Z7,11,7,0.0868899,0.0959052,0.282683,0.9059977978253526,0.2605464957583114
fuelP12Z7,12,7,0.0853507,0.0959052,0.323145,0.8899486159248926,0.2927686583782736
fuelP13Z7,13,7,0.0837883,0.0959052,0.359745,0.8736575284760367,0.3201545648359005
fuelP14Z7,14,7,0.0824172,0.0959052,0.331803,0.8593611191051163,0.2898821889209344
fuelP15Z7,15,7,0.0815039,0.0959052,0.234618,0.8498381735296939,0.20162158704220415
fuelP16Z7,16,7,0.0809132,0.0959052,0.148032,0.8436789663125671,0.12580324450394764
fuelP17Z7,17,7,0.079538,0.0959052,0.427292,0.8293398063921456,0.3604972728736294
fuelP18Z7,18,7,0.0774093,0.0959052,0.743311,0.8071439296305102,0.6164574008291521
fuelP19Z7,19,7,0.0744699,0.0959052,1.13834,0.7764949137273058,0.9188042208555949
fuelP20Z7,20,7,0.0716783,0.0959052,1.18995,0.7473870029987947,0.9239901225898076
fuelP21Z7,21,7,0.0691712,0.0959052,1.16301,0.7212455633271189,0.8692185583576283
fuelP22Z7,22,7,0.0675209,0.0959052,0.87781,0.7040379458048156,0.6331165679441781
fuelP23Z7,23,7,0.064024,0.0959052,2.12887,0.6675758978658092,1.4988052616854979
fuelP24Z7,24,7,0.0600669,0.0959052,2.71595,0.6263153614194017,1.8131027598086444
fuelP25Z7,25,7,0.0558311,0.0959052,3.3897,0.5821488303032578,2.123021180603346
fuelP26Z7,26,7,0.0517721,0.0959052,3.88984,0.5398257862973019,2.2644658060668243
fuelP27Z7,27,7,0.0460365,0.0959052,6.71076,0.48002089563443906,3.6226412936524817
fuelP28Z7,28,7,0.0416827,0.0959052,6.28219,0.4346239828497308,3.015582470345717
fuelP29Z7,29,7,0.0352151,0.0959052,11.7978,0.3671865550564516,5.1276068248645545
fuelP30Z7,30,7,0.029214,0.0959052,14.1949,0.3046133056393188,5.212176430370825
fuelP31Z7,31,7,0.0241892,0.0959052,15.5054,0.2522199004850624,4.723151149259894
fuelP32Z7,32,7,0.0188452,0.0959052,22.0531,0.19649820864770629,5.562230687387129
fuelP33Z7,33,7,0.0145575,0.0959052,24.553,0.15179051813665995,4.824620516927133
fuelP34Z7,34,7,0.0114003,0.0959052,24.0507,0.11887050962825792,3.650668214549367
fuelP35Z7,35,7,0.0083463,0.0959052,32.3942,0.08702656373168503,3.8507150629997122
fuelP36Z7,36,7,0.006147,0.0959052,33.3579,0.06409454336156956,2.903023410305176
fuelP37Z7,37,7,0.00433755,0.0959052,40.0559,0.04522747463119831,2.567364619436694
fuelP38Z7,38,7,0.00302079,0.0959052,43.4496,0.031497666445615045,1.965115681735714
fuelP39Z7,39,7,0.00223549,0.0959052,39.4392,0.02330937217168621,1.242242766481901
fuelP40Z7,40,7,0.00191761,0.0959052,23.8245,0.019994849080133298,0.5553341373043381
fuelP41Z7,41,7,0.00173401,0.0959052,19.0821,0.018080458619553475,0.3815437096320116
fuelP42Z7,42,7,0.00164842,0.0959052,13.199,0.01718801483131259,0.2386439733194863
fuelP43Z7,43,7,0.0016428,0.0959052,7.2869,0.017129415297606386,0.1252473452742917
fuelP44Z7,44,7,0.00159617,0.0959052,11.5866,0.0166432059992576,0.19847168328724615
fuelP45Z7,45,7,0.00152452,0.0959052,15.3797,0.015896114079319994,0.25596751530678213
fuelP46Z7,46,7,0.0015234,0.0959052,8.65958,0.015884435880431928,0.13765367155899783
fuelP47Z7,47,7,0.00154754,0.0959052,6.06772,0.01613614277432298,0.09638230928041441
fuelP48Z7,48,7,0.00158959,0.0959052,4.10221,0.016574596580790198,0.06619384625025548
fuelP1Z8,1,8,0.096407,0.096407,0.0453626,1.0,0.0007518667948557535
fuelP2Z8,2,8,0.0957464,0.096407,0.0579275,0.99314780047092,0.0579275
fuelP3Z8,3,8,0.0950636,0.096407,0.0630001,0.9860653272065305,0.06256841074444801
fuelP4Z8,4,8,0.0944161,0.096407,0.0621494,0.9793490099266651,0.061283368446689544
fuelP5Z8,5,8,0.0938312,0.096407,0.0592081,0.9732820230896096,0.057985394114638975
fuelP6Z8,6,8,0.0932914,0.096407,0.0572647,0.9676828446067193,0.05573470306761957
fuelP7Z8,7,8,0.0928423,0.096407,0.0503554,0.9630244691775494,0.048728056713309195
fuelP8Z8,8,8,0.0919961,0.096407,0.111588,0.9542470982397543,0.10746197446658438
fuelP9Z8,9,8,0.0908683,0.096407,0.157435,0.9425487775783915,0.1502318919113757
fuelP10Z8,10,8,0.0895647,0.096407,0.193687,0.9290269378779549,0.18255944508282593
fuelP11Z8,11,8,0.0882739,0.096407,0.218821,0.9156378686194986,0.20329060357339196
fuelP12Z8,12,8,0.0869399,0.096407,0.253451,0.9018006991193585,0.23206933343948052
fuelP13Z8,13,8,0.0855295,0.096407,0.292189,0.8871710560436482,0.2634962444749862
fuelP14Z8,14,8,0.0842674,0.096407,0.273299,0.8740796830105698,0.24246296244567303
fuelP15Z8,15,8,0.0834366,0.096407,0.191497,0.8654620515107824,0.16738363705747508
fuelP16Z8,16,8,0.0829312,0.096407,0.120641,0.8602196935907143,0.10441020735631229
fuelP17Z8,17,8,0.0816656,0.096407,0.352077,0.8470920161399068,0.3028635690603379
fuelP18Z8,18,8,0.0797324,0.096407,0.623038,0.8270395303245613,0.5277705155517752
fuelP19Z8,19,8,0.0770677,0.096407,0.913194,0.7993994212038544,0.7552475368552074
fuelP20Z8,20,8,0.0745905,0.096407,0.917362,0.7737041916043441,0.7333386518344103
fuelP21Z8,21,8,0.0723968,0.096407,0.885231,0.7509496198408828,0.6849069352381051
fuelP22Z8,22,8,0.0708522,0.096407,0.696495,0.7349279616625348,0.5230326554710757
fuelP23Z8,23,8,0.0677011,0.096407,1.68946,0.7022425757465743,1.241631394110386
fuelP24Z8,24,8,0.0641597,0.096407,2.06319,0.6655087286192911,1.4488598598545748
fuelP25Z8,25,8,0.0603029,0.096407,2.57983,0.6255033348200856,1.7168993833539057
fuelP26Z8,26,8,0.056504,0.096407,3.04848,0.5860985198170257,1.9068344061323346
fuelP27Z8,27,8,0.0511419,0.096407,5.14245,0.5304791145871149,3.0139823332330637
fuelP28Z8,28,8,0.046949,0.096407,4.9329,0.4869874594168473,2.6168004243467795
fuelP29Z8,29,8,0.0406351,0.096407,9.29512,0.42149532710280374,4.526606873774726
fuelP30Z8,30,8,0.0346515,0.096407,11.1085,0.3594292945533001,4.682180841121495
fuelP31Z8,31,8,0.029498,0.096407,12.3427,0.30597363262003796,4.436327953883017
fuelP32Z8,32,8,0.023728,0.096407,17.8861,0.24612320682108144,5.4726749904052605
fuelP33Z8,33,8,0.0189924,0.096407,19.8971,0.1970022923646623,4.897138058439739
fuelP34Z8,34,8,0.0153595,0.096407,19.659,0.15931934403103507,3.872868065596896
fuelP35Z8,35,8,0.0116632,0.096407,27.1329,0.12097876710197392,4.322795829659671
fuelP36Z8,36,8,0.00888695,0.096407,28.0831,0.09218158432478968,3.397458814401444
fuelP37Z8,37,8,0.00647598,0.096407,34.5439,0.06717333803561981,3.184311430757102
fuelP38Z8,38,8,0.00462921,0.096407,37.8715,0.04801736388436524,2.5439550714159753
fuelP39Z8,39,8,0.00349053,0.096407,34.1321,0.036206188347319174,1.638933465837543
fuelP40Z8,40,8,0.00300334,0.096407,20.2489,0.031152717126349747,0.7331354872260312
fuelP41Z8,41,8,0.00270039,0.096407,16.3561,0.028010310454635035,0.5095369565902891
fuelP42Z8,42,8,0.00253857,0.096407,11.2949,0.026331801632661526,0.3163736555540573
fuelP43Z8,43,8,0.00249586,0.096407,6.38623,0.025888784009459893,0.16816094154055203
fuelP44Z8,44,8,0.00238987,0.096407,10.1919,0.024789382513717883,0.2638558977460143
fuelP45Z8,45,8,0.00224282,0.096407,13.2823,0.023264078334560765,0.32926001536195504
fuelP46Z8,46,8,0.00220464,0.096407,7.57675,0.02286804900059124,0.17626610552138328
fuelP47Z8,47,8,0.00220489,0.096407,5.40306,0.022870642173286174,0.12355744083313451
fuelP48Z8,48,8,0.00223161,0.096407,3.62559,0.02314780047092016,0.08291957155704462
fuelP1Z9,1,9,0.096385,0.096385,0.0352331,1.0,0.0008155687687719772
fuelP2Z9,2,9,0.095992,0.096385,0.0449835,0.9959226020646366,0.0449835
fuelP3Z9,3,9,0.0954801,0.096385,0.0459186,0.9906116096903045,0.045731371595165216
fuelP4Z9,4,9,0.0949761,0.096385,0.0438358,0.985382580277014,0.04342425240006225
fuelP5Z9,5,9,0.0945228,0.096385,0.0413594,0.9806795663225606,0.04075483229070913
fuelP6Z9,6,9,0.0941263,0.096385,0.0400151,0.9765658556829382,0.039241990914353896
fuelP7Z9,7,9,0.0937609,0.096385,0.0356507,0.9727748093583026,0.03481525635119573
fuelP8Z9,8,9,0.0930939,0.096385,0.0791563,0.9658546454323805,0.0770012546420086
fuelP9Z9,9,9,0.0922217,0.096385,0.10893,0.9568055195310474,0.10521054652694921
fuelP10Z9,10,9,0.0912446,0.096385,0.128794,0.9466680500077812,0.12323081008248171
fuelP11Z9,11,9,0.0902687,0.096385,0.143177,0.9365430305545468,0.1355410913959641
fuelP12Z9,12,9,0.0892314,0.096385,0.166654,0.9257809825180267,0.15607864221403744
fuelP13Z9,13,9,0.0880578,0.096385,0.201884,0.9136048140270789,0.1869003678746693
fuelP14Z9,14,9,0.0870269,0.096385,0.192964,0.9029091663640608,0.17629283933392126
fuelP15Z9,15,9,0.0863206,0.096385,0.135462,0.8955812626446024,0.12230988149400841
fuelP16Z9,16,9,0.0858905,0.096385,0.0840137,0.8911189500440939,0.07524109552544482
fuelP17Z9,17,9,0.0848337,0.096385,0.250517,0.8801545883695596,0.22324044600819626
fuelP18Z9,18,9,0.0831984,0.096385,0.452971,0.8631882554339368,0.3986845040483478
fuelP19Z9,19,9,0.0810281,0.096385,0.620201,0.8406712662758729,0.5353502192083831
fuelP20Z9,20,9,0.0790588,0.096385,0.582086,0.8202396638481091,0.4893429747014577
fuelP21Z9,21,9,0.0773377,0.096385,0.5509,0.8023831509052238,0.45187003081392324
fuelP22Z9,22,9,0.0760353,0.096385,0.465634,0.7888706748975464,0.373616876088603
fuelP23Z9,23,9,0.0734159,0.096385,1.11001,0.7616942470301397,0.8756543378430254
fuelP24Z9,24,9,0.0705244,0.096385,1.28393,0.7316947657830576,0.9779620945894072
fuelP25Z9,25,9,0.0673304,0.096385,1.60223,0.6985568293821652,1.1723433045805884
fuelP26Z9,26,9,0.0640439,0.096385,1.98795,0.6644592000830005,1.3886960489702755
fuelP27Z9,27,9,0.0594833,0.096385,3.18617,0.6171427089277377,2.117079969528454
fuelP28Z9,28,9,0.055753,0.096385,3.17523,0.5784406287285365,1.9595700436686205
fuelP29Z9,29,9,0.0500167,0.096385,5.93677,0.5189261814597707,3.4340689714167136
fuelP30Z9,30,9,0.0444321,0.096385,7.00414,0.46098563054417185,3.634631624609638
fuelP31Z9,31,9,0.0393253,0.096385,7.99095,0.40800228251283915,3.68371312439695
fuelP32Z9,32,9,0.033299,0.096385,11.8613,0.34547906831975933,4.839437473569539
fuelP33Z9,33,9,0.0281381,0.096385,13.1451,0.29193442963116667,4.541356900970068
fuelP34Z9,34,9,0.0239611,0.096385,13.1873,0.2485978108626861,3.8498269038750843
fuelP35Z9,35,9,0.0193422,0.096385,18.8494,0.20067645380505267,4.685919576075115
fuelP36Z9,36,9,0.015638,0.096385,19.7761,0.1622451626290398,3.968597618094102
fuelP37Z9,37,9,0.0121488,0.096385,25.1389,0.12604450900036313,4.078664918815169
fuelP38Z9,38,9,0.00922728,0.096385,28.217,0.09573356850132281,3.556597910463246
fuelP39Z9,39,9,0.0073024,0.096385,25.2418,0.07576282616589718,2.41648758939669
fuelP40Z9,40,9,0.00642147,0.096385,14.6852,0.06662312600508379,1.1125922548114333
fuelP41Z9,41,9,0.00583724,0.096385,12.0109,0.06056170565959433,0.8002037041344608
fuelP42Z9,42,9,0.00548844,0.096385,8.34949,0.05694288530372983,0.5056593557877263
fuelP43Z9,43,9,0.0053373,0.096385,4.90915,0.05537479898324428,0.2795411653888053
fuelP44Z9,44,9,0.00506825,0.096385,7.83907,0.05258338953156611,0.43408692546558075
fuelP45Z9,45,9,0.00472846,0.096385,9.90927,0.04905804845152254,0.5210630043834621
fuelP46Z9,46,9,0.0045789,0.096385,5.81614,0.047506354723245325,0.2853284779208383
fuelP47Z9,47,9,0.00450919,0.096385,4.25943,0.0467831094049904,0.20234999249883284
fuelP48Z9,48,9,0.00448768,0.096385,2.82525,0.046559941899673184,0.13217397984644913
fuelP1Z10,1,10,0.0971305,0.0971305,0.0250568,1.0,0.001166643152191731
fuelP2Z10,2,10,0.0962865,0.0971305,0.0302178,0.9913106593706406,0.0302178
fuelP3Z10,3,10,0.0959017,0.0971305,0.0305308,0.987348978950999,0.030265507479113152
fuelP4Z10,4,10,0.0955708,0.0971305,0.0280246,0.9839422220620712,0.027670060195510167
fuelP5Z10,5,10,0.0952709,0.0971305,0.0258659,0.9808546234190085,0.02545055112163533
fuelP6Z10,6,10,0.0949729,0.0971305,0.0250996,0.9777865860877891,0.024619058705967745
fuelP7Z10,7,10,0.094713,0.0971305,0.022253,0.9751108045361654,0.02175868490021157
fuelP8Z10,8,10,0.0942657,0.0971305,0.0493103,0.9705056599111505,0.04808300630491968
fuelP9Z10,9,10,0.0936558,0.0971305,0.0640975,0.9642264788094368,0.062206986536154966
fuelP10Z10,10,10,0.0930016,0.0971305,0.0740882,0.9574912102789547,0.07143780420732933
fuelP11Z10,11,10,0.0923275,0.0971305,0.0805975,0.9505510627454817,0.07717139782045805
fuelP12Z10,12,10,0.091605,0.0971305,0.0967838,0.9431126165313677,0.09199794394654616
fuelP13Z10,13,10,0.0907844,0.0971305,0.1209,0.9346641889005,0.11402231533864235
fuelP14Z10,14,10,0.0900103,0.0971305,0.116695,0.9266944986384298,0.10907063752374384
fuelP15Z10,15,10,0.0894938,0.0971305,0.0808028,0.9213769104452257,0.07487951023458131
fuelP16Z10,16,10,0.089166,0.0971305,0.0493527,0.9180020693808845,0.04547243824813009
fuelP17Z10,17,10,0.0884103,0.0971305,0.147207,0.9102218149808763,0.13513633062735186
fuelP18Z10,18,10,0.0871479,0.0971305,0.271757,0.8972248675750666,0.24735914977375803
fuelP19Z10,19,10,0.085609,0.0971305,0.350766,0.881381234524686,0.31471597789983585
fuelP20Z10,20,10,0.0842316,0.0971305,0.305039,0.8672003129809895,0.2688556503981757
fuelP21Z10,21,10,0.0830204,0.0971305,0.282389,0.8547304914522215,0.24488782918238866
fuelP22Z10,22,10,0.0820888,0.0971305,0.251601,0.845139271392611,0.21505104637987038
fuelP23Z10,23,10,0.0801641,0.0971305,0.594031,0.8253236624953028,0.5020389265246241
fuelP24Z10,24,10,0.0780913,0.0971305,0.641469,0.8039833008169422,0.5294195444571993
fuelP25Z10,25,10,0.0758114,0.0971305,0.793389,0.7805107561476571,0.637871507051853
fuelP26Z10,26,10,0.073343,0.0971305,1.02491,0.7550975234349665,0.7999532790832952
fuelP27Z10,27,10,0.0699174,0.0971305,1.53879,0.7198295077241444,1.1619365180864922
fuelP28Z10,28,10,0.067021,0.0971305,1.59685,0.6900098321330581,1.1494597494093002
fuelP29Z10,29,10,0.0625102,0.0971305,2.92899,0.6435692187315004,2.021031898219406
fuelP30Z10,30,10,0.0579615,0.0971305,3.38232,0.5967384086358044,2.1767570398999285
fuelP31Z10,31,10,0.0535939,0.0971305,3.96569,0.5517721004215977,2.3664795397429232
fuelP32Z10,32,10,0.0481317,0.0971305,5.99242,0.4955364175001673,3.306450170008391
fuelP33Z10,33,10,0.0432501,0.0971305,6.55457,0.4452782596609716,3.2480281360540717
fuelP34Z10,34,10,0.0389504,0.0971305,6.73198,0.4010110109594824,2.9976043384724678
fuelP35Z10,35,10,0.0338941,0.0971305,9.9018,0.34895424197342756,3.9707308283186027
fuelP36Z10,36,10,0.0294897,0.0971305,10.5522,0.30360906203509713,3.682234952152002
fuelP37Z10,37,10,0.0248988,0.0971305,13.9626,0.25634378490793314,4.239171889571248
fuelP38Z10,38,10,0.0206767,0.0971305,16.1651,0.21287546136383526,4.143822917415229
fuelP39Z10,39,10,0.0176466,0.0971305,14.4526,0.1816792871446147,3.0766038929069657
fuelP40Z10,40,10,0.0161669,0.0971305,8.3513,0.16644514338956354,1.517258230730821
fuelP41Z10,41,10,0.0150787,0.0971305,6.98651,0.15524165941696996,1.1628706587426196
fuelP42Z10,42,10,0.0143873,0.0971305,4.92072,0.14812340099144966,0.7639007383262725
fuelP43Z10,43,10,0.014026,0.0971305,3.02361,0.14440366311302835,0.4478673964717571
fuelP44Z10,44,10,0.0134505,0.0971305,4.79273,0.13847864470995208,0.6920877683117044
fuelP45Z10,45,10,0.0127478,0.0971305,5.88511,0.1312440479561003,0.8149620567689861
fuelP46Z10,46,10,0.0123742,0.0971305,3.56751,0.12739767632206156,0.4682144535238674
fuelP47Z10,47,10,0.0121236,0.0971305,2.71579,0.12481764224419725,0.3459853353786916
fuelP48Z10,48,10,0.0119957,0.0971305,1.79432,0.12350085709432156,0.223962791831608
fuelP1Z11,1,11,0.0969291,0.0969291,0.0176334,1.0,0.0021777400134870097
fuelP2Z11,2,11,0.0964461,0.0969291,0.0212464,0.9950169763259951,0.0212464
fuelP3Z11,3,11,0.0961458,0.0969291,0.0216018,0.9919188355199832,0.02149415771919888
fuelP4Z11,4,11,0.0958923,0.0969291,0.0189413,0.9893035218525705,0.01878823223923466
fuelP5Z11,5,11,0.095663,0.0969291,0.018272,0.9869378752098182,0.01807655395129017
fuelP6Z11,6,11,0.0954337,0.0969291,0.0174762,0.9845722285670659,0.017247923694741825
fuelP7Z11,7,11,0.0952276,0.0969291,0.0158974,0.9824459321297732,0.015652138546422074
fuelP8Z11,8,11,0.0948935,0.0969291,0.0307671,0.9789990828347731,0.030227012238429943
fuelP9Z11,9,11,0.094442,0.0969291,0.040255,0.9743410389655944,0.03940960807951379
fuelP10Z11,10,11,0.0939637,0.0969291,0.0448667,0.9694065043418333,0.043715467092957636
fuelP11Z11,11,11,0.0934831,0.0969291,0.0475682,0.9644482410339104,0.046112922479833195
fuelP12Z11,12,11,0.0929652,0.0969291,0.0564851,0.959105160369796,0.05447695533962453
fuelP13Z11,13,11,0.0923674,0.0969291,0.0700671,0.9529377658515348,0.06720171718214653
fuelP14Z11,14,11,0.0918057,0.0969291,0.0679043,0.9471428085064237,0.06470857193371238
fuelP15Z11,15,11,0.0914184,0.0969291,0.0464566,0.9431471044299389,0.04400103459765953
fuelP16Z11,16,11,0.0912051,0.0969291,0.0303281,0.9409465268944001,0.02860385969786163
fuelP17Z11,17,11,0.0906469,0.0969291,0.0793617,0.9351876784164921,0.0746751159834353
fuelP18Z11,18,11,0.0897725,0.0969291,0.145084,0.9261666517072789,0.13568076913537833
fuelP19Z11,19,11,0.0887534,0.0969291,0.176654,0.9156527812597042,0.16361104369069765
fuelP20Z11,20,11,0.0877986,0.0969291,0.152424,0.9058022822867436,0.13956745953072916
fuelP21Z11,21,11,0.0869741,0.0969291,0.141153,0.8972960648556522,0.12785670955162073
fuelP22Z11,22,11,0.0863036,0.0969291,0.129044,0.8903786375814898,0.11579067339323278
fuelP23Z11,23,11,0.0850349,0.0969291,0.279757,0.877289689061386,0.24908965651388484
fuelP24Z11,24,11,0.0836461,0.0969291,0.293369,0.8629616905552615,0.25736959879024973
fuelP25Z11,25,11,0.0820962,0.0969291,0.357194,0.8469716524758818,0.30824473809619607
fuelP26Z11,26,11,0.0804092,0.0969291,0.455376,0.8295671784840671,0.38569056321785716
fuelP27Z11,27,11,0.0781431,0.0969291,0.649426,0.8061882344930469,0.5387424944541938
fuelP28Z11,28,11,0.0761969,0.0969291,0.668256,0.786109640964375,0.5387401248293855
fuelP29Z11,29,11,0.0731741,0.0969291,1.17423,0.7549239598840802,0.923073523709598
fuelP30Z11,30,11,0.070073,0.0969291,1.32261,0.7229304718603597,0.9984699785822834
fuelP31Z11,31,11,0.0669725,0.0969291,1.54155,0.6909431739281598,1.1144334688963375
fuelP32Z11,32,11,0.0630328,0.0969291,2.32181,0.6502980013226162,1.604238770658141
fuelP33Z11,33,11,0.0593182,0.0969291,2.49435,0.6119751447191814,1.6220708195990676
fuelP34Z11,34,11,0.0559174,0.0969291,2.61542,0.5768897059809696,1.6005720330014412
fuelP35Z11,35,11,0.0516506,0.0969291,3.83294,0.5328699018148316,2.211183629642697
fuelP36Z11,36,11,0.0477731,0.0969291,4.11795,0.49286643536358016,2.1943316121783862
fuelP37Z11,37,11,0.0434835,0.0969291,5.49868,0.4486114077196631,2.710114810805011
fuelP38Z11,38,11,0.0391313,0.0969291,6.55467,0.4037105471937736,2.9404997358378444
fuelP39Z11,39,11,0.0357811,0.0969291,5.88546,0.3691471395071243,2.376022277087067
fuelP40Z11,40,11,0.0339973,0.0969291,3.50991,0.35074399741666845,1.2956732364274506
fuelP41Z11,41,11,0.0326507,0.0969291,2.92934,0.3368513686808192,1.0274484213925434
fuelP42Z11,42,11,0.0317315,0.0969291,2.13341,0.3273681484714085,0.7186420784573465
fuelP43Z11,43,11,0.0311972,0.0969291,1.36501,0.32185587197240045,0.44686079634495735
fuelP44Z11,44,11,0.0303939,0.0969291,2.10914,0.31356837110836683,0.6788390938118687
fuelP45Z11,45,11,0.029415,0.0969291,2.55949,0.30346923679266596,0.8025751101681537
fuelP46Z11,46,11,0.0288488,0.0969291,1.61329,0.2976278537611512,0.48958388502524003
fuelP47Z11,47,11,0.0284583,0.0969291,1.26499,0.2935991358632237,0.3764962587293187
fuelP48Z11,48,11,0.0282057,0.0969291,0.853494,0.2909931073330919,0.25058510086444624
